"hs2","description_ko","description_en","section"
"01","살아 있는 동물","Live animals","I"
"02","육과 식용 설육(屑肉)","Meat and edible meat offal","I"
"03","어류·갑각류·연체동물과 그 밖의 수생(水生) 무척추동물","Fish and crustaceans, molluscs and other aquatic invertebrates","I"
"04","낙농품, 새의 알, 천연꿀, 다른 류로 분류되지 않은 식용인 동물성 생산품","Dairy produce; birds' eggs; natural honey; edible products of animal origin, not elsewhere specified or included","I"
"05","다른 류로 분류되지 않은 동물성 생산품","Products of animal origin, not elsewhere specified or included","I"
"06","살아 있는 수목과 그 밖의 식물, 인경(鱗莖)·뿌리와 이와 유사한 물품, 절화(切花)와 장식용 잎","Live trees and other plants; bulbs, roots and the like; cut flowers and ornamental foliage","II"
"07","식용의 채소·뿌리·괴경(塊莖)","Edible vegetables and certain roots and tubers","II"
"08","식용의 과실과 견과류, 감귤류·멜론의 껍질","Edible fruit and nuts; peel of citrus fruit or melons","II"
"09","커피·차·마테(maté)·향신료","Coffee, tea, maté and spices","II"
"10","곡물","Cereals","II"
"11","제분공업의 생산품과 맥아, 전분, 이눌린(inulin), 밀의 글루텐(gluten)","Products of the milling industry; malt; starches; inulin; wheat gluten","II"
"12","채유(採油)에 적합한 종자와 과실, 각종 종자와 과실, 공업용·의약용 식물, 짚과 사료용 식물","Oil seeds and oleaginous fruits; miscellaneous grains, seeds and fruit; industrial or medicinal plants; straw and fodder","II"
"13","락(lac), 검·수지·그 밖의 식물성 수액과 추출물(extract)","Lac; gums, resins and other vegetable saps and extracts","II"
"14","식물성 편조물(編組物)용 재료와 다른 류로 분류되지 않은 식물성 생산품","Vegetable plaiting materials; vegetable products not elsewhere specified or included","II"
"15","동물성·식물성·미생물성 지방과 기름 및 이들의 분해생산물, 조제한 식용 지방과 동물성·식물성 왁스","Animal, vegetable or microbial fats and oils and their cleavage products; prepared edible fats; animal or vegetable waxes","III"
"16","육류·어류·갑각류·연체동물이나 그 밖의 수생(水生) 무척추동물 또는 곤충의 조제품","Preparations of meat, of fish, of crustaceans, molluscs or other aquatic invertebrates, or of insects","IV"
"17","당류(糖類)와 설탕과자","Sugars and sugar confectionery","IV"
"18","코코아와 그 조제품","Cocoa and cocoa preparations","IV"
"19","곡물·고운 가루·전분·밀크의 조제품과 베이커리 제품","Preparations of cereals, flour, starch or milk; pastrycooks' products","IV"
"20","채소·과실·견과류나 식물의 그 밖의 부분의 조제품","Preparations of vegetables, fruit, nuts or other parts of plants","IV"
"21","각종 조제 식료품","Miscellaneous edible preparations","IV"
"22","음료·주류·식초","Beverages, spirits and vinegar","IV"
"23","식품 공업에서 생기는 잔재물과 웨이스트(waste), 조제 사료","Residues and waste from the food industries; prepared animal fodder","IV"
"24","담배와 제조한 담배 대용물, 연소시키지 않고 흡입하도록 만들어진 물품(니코틴을 함유하였는지에 상관없다), 니코틴을 함유한 그 밖의 물품으로 인체 내에 니코틴을 흡수시키도록 만들어진 것","Tobacco and manufactured tobacco substitutes; products, whether or not containing nicotine, intended for inhalation without combustion; other nicotine containing products intended for the intake of nicotine into the human body","IV"
"25","소금, 황, 토석류(土石類), 석고·석회·시멘트","Salt; sulphur; earths and stone; plastering materials, lime and cement","V"
"26","광(鑛)·슬래그(slag)·회(灰)","Ores, slag and ash","V"
"27","광물성 연료·광물유(鑛物油)와 이들의 증류물, 역청(瀝靑)물질, 광물성 왁스","Mineral fuels, mineral oils and products of their distillation; bituminous substances; mineral waxes","V"
"28","무기화학품, 귀금속·희토류(稀土類)금속·방사성원소·동위원소의 유기화합물이나 무기화합물","Inorganic chemicals; organic or inorganic compounds of precious metals, of rare-earth metals, of radioactive elements or of isotopes","VI"
"29","유기화학품","Organic chemicals","VI"
"30","의료용품","Pharmaceutical products","VI"
"31","비료","Fertilisers","VI"
"32","유연용·염색용 추출물(extract), 탄닌과 이들의 유도체, 염료·안료와 그 밖의 착색제, 페인트·바니시(varnish), 퍼티(putty)와 그 밖의 매스틱(mastic), 잉크","Tanning or dyeing extracts; tannins and their derivatives; dyes, pigments and other colouring matter; paints and varnishes; putty and other mastics; inks","VI"
"33","정유(essential oil)와 레지노이드(resinoid), 조제향료와 화장품·화장용품","Essential oils and resinoids; perfumery, cosmetic or toilet preparations","VI"
"34","비누·유기계면활성제·조제 세제·조제 윤활제·인조 왁스·조제 왁스·광택용이나 연마용 조제품·양초와 이와 유사한 물품·조형용 페이스트(paste)·치과용 왁스와 플라스터(plaster)를 기본 재료로 한 치과용 조제품","Soap, organic surface-active agents, washing preparations, lubricating preparations, artificial waxes, prepared waxes, polishing or scouring preparations, candles and similar articles, modelling pastes, ""dental waxes"" and dental preparations with a basis of plaster","VI"
"35","단백질계 물질, 변성전분, 글루(glue), 효소","Albuminoidal substances; modified starches; glues; enzymes","VI"
"36","화약류, 화공품, 성냥, 발화성 합금, 특정 가연성 조제품","Explosives; pyrotechnic products; matches; pyrophoric alloys; certain combustible preparations","VI"
"37","사진용이나 영화용 재료","Photographic or cinematographic goods","VI"
"38","각종 화학공업 생산품","Miscellaneous chemical products","VI"
"39","플라스틱과 그 제품","Plastics and articles thereof","VII"
"40","고무와 그 제품","Rubber and articles thereof","VII"
"41","원피(모피는 제외한다)와 가죽","Raw hides and skins (other than furskins) and leather","VIII"
"42","가죽제품, 마구, 여행용구·핸드백과 이와 유사한 용기, 동물 거트(gut)[누에의 거트(gut)는 제외한다]의 제품","Articles of leather; saddlery and harness; travel goods, handbags and similar containers; articles of animal gut (other than silk-worm gut)","VIII"
"43","모피·인조모피와 이들의 제품","Furskins and artificial fur; manufactures thereof","VIII"
"44","목재와 그 제품, 목탄","Wood and articles of wood; wood charcoal","IX"
"45","코르크(cork)와 그 제품","Cork and articles of cork","IX"
"46","짚·에스파르토(esparto)나 그 밖의 조물 재료의 제품, 바구니 세공물(basketware)과 지조세공물(枝條細工物)","Manufactures of straw, of esparto or of other plaiting materials; basketware and wickerwork","IX"
"47","목재나 그 밖의 섬유질 셀룰로오스재료의 펄프, 회수한 종이·판지[웨이스트(waste)와 스크랩(scrap)]","Pulp of wood or of other fibrous cellulosic material; recovered (waste and scrap) paper or paperboard","X"
"48","종이와 판지, 제지용 펄프·종이·판지의 제품","Paper and paperboard; articles of paper pulp, of paper or of paperboard","X"
"49","인쇄서적·신문·회화·그 밖의 인쇄물, 수제(手製)문서·타자문서·도면","Printed books, newspapers, pictures and other products of the printing industry; manuscripts, typescripts and plans","X"
"50","견(絹)","Silk","XI"
"51","양모·동물의 부드러운 털이나 거친 털·말의 털로 만든 실과 직물","Wool, fine or coarse animal hair; horsehair yarn and woven fabric","XI"
"52","면","Cotton","XI"
"53","그 밖의 식물성 방직용 섬유, 종이실(paper yarn)과 종이실로 만든 직물","Other vegetable textile fibres; paper yarn and woven fabric of paper yarn","XI"
"54","인조필라멘트, 인조방직용 섬유재료의 스트립(strip)과 이와 유사한 것","Man-made filaments; strip and the like of man-made textile materials","XI"
"55","인조스테이플섬유","Man-made staple fibres","XI"
"56","워딩(wadding)·펠트(felt)·부직포, 특수사, 끈·배의 밧줄(cordage)·로프·케이블과 이들의 제품","Wadding, felt and nonwovens; special yarns; twine, cordage, ropes and cables and articles thereof","XI"
"57","양탄자류와 그 밖의 방직용 섬유로 만든 바닥깔개","Carpets and other textile floor coverings","XI"
"58","특수직물, 터프트(tuft)한 직물, 레이스, 태피스트리(tapestry), 트리밍(trimming), 자수천","Special woven fabrics; tufted textile fabrics; lace; tapestries; trimmings; embroidery","XI"
"59","침투·도포·피복하거나 적층한 방직용 섬유의 직물, 공업용인 방직용 섬유제품","Impregnated, coated, covered or laminated textile fabrics; textile articles of a kind suitable for industrial use","XI"
"60","메리야스 편물과 뜨개질 편물","Knitted or crocheted fabrics","XI"
"61","의류와 그 부속품(메리야스 편물이나 뜨개질 편물로 한정한다)","Articles of apparel and clothing accessories, knitted or crocheted","XI"
"62","의류와 그 부속품(메리야스 편물이나 뜨개질편물은 제외한다)","Articles of apparel and clothing accessories, not knitted or crocheted","XI"
"63","제품으로 된 방직용 섬유의 그 밖의 물품, 세트, 사용하던 의류·방직용 섬유제품, 넝마","Other made up textile articles; sets; worn clothing and worn textile articles; rags","XI"
"64","신발류·각반과 이와 유사한 것, 이들의 부분품","Footwear, gaiters and the like; parts of such articles","XII"
"65","모자류와 그 부분품","Headgear and parts thereof","XII"
"66","산류(傘類)·지팡이·시트스틱(seat-stick)·채찍·승마 채찍과 이들의 부분품","Umbrellas, sun umbrellas, walking sticks, seat-sticks, whips, riding-crops and parts thereof","XII"
"67","조제 깃털·솜털과 그 제품, 조화, 사람 머리카락으로 된 제품","Prepared feathers and down and articles made of feathers or of down; artificial flowers; articles of human hair","XII"
"68","돌·플라스터(plaster)·시멘트·석면·운모나 이와 유사한 재료의 제품","Articles of stone, plaster, cement, asbestos, mica or similar materials","XIII"
"69","도자제품","Ceramic products","XIII"
"70","유리와 유리제품","Glass and glassware","XIII"
"71","천연진주·양식진주·귀석·반귀석·귀금속·귀금속을 입힌 금속과 이들의 제품, 모조 신변장식용품, 주화","Natural or cultured pearls, precious or semi-precious stones, precious metals, metals clad with precious metal and articles thereof; imitation jewellery; coin","XIV"
"72","철강","Iron and steel","XV"
"73","철강의 제품","Articles of iron or steel","XV"
"74","구리와 그 제품","Copper and articles thereof","XV"
"75","니켈과 그 제품","Nickel and articles thereof","XV"
"76","알루미늄과 그 제품","Aluminium and articles thereof","XV"
"78","납과 그 제품","Lead and articles thereof","XV"
"79","아연과 그 제품","Zinc and articles thereof","XV"
"80","주석과 그 제품","Tin and articles thereof","XV"
"81","그 밖의 비금속(卑金屬), 서멧(cermet), 이들의 제품","Other base metals; cermets; articles thereof","XV"
"82","비금속(卑金屬)으로 만든 공구·도구·칼붙이·스푼·포크, 이들의 부분품","Tools, implements, cutlery, spoons and forks, of base metal; parts thereof of base metal","XV"
"83","비금속(卑金屬)으로 만든 각종 제품","Miscellaneous articles of base metal","XV"
"84","원자로·보일러·기계류와 이들의 부분품","Nuclear reactors, boilers, machinery and mechanical appliances; parts thereof","XVI"
"85","전기기기와 그 부분품, 녹음기·음성 재생기·텔레비전의 영상과 음성의 기록기·재생기와 이들의 부분품·부속품","Electrical machinery and equipment and parts thereof; sound recorders and reproducers, television image and sound recorders and reproducers, and parts and accessories of such articles","XVI"
"86","철도용이나 궤도용 기관차·차량과 이들의 부분품, 철도용이나 궤도용 장비품과 그 부분품, 기계식(전기기계식을 포함한다) 각종 교통신호용 기기","Railway or tramway locomotives, rolling-stock and parts thereof; railway or tramway track fixtures and fittings and parts thereof; mechanical (including electro-mechanical) traffic signalling equipment of all kinds","XVII"
"87","철도용이나 궤도용 외의 차량과 그 부분품·부속품","Vehicles other than railway or tramway rolling-stock, and parts and accessories thereof","XVII"
"88","항공기와 우주선, 이들의 부분품","Aircraft, spacecraft, and parts thereof","XVII"
"89","선박과 수상 구조물","Ships, boats and floating structures","XVII"
"90","광학기기·사진용 기기·영화용 기기·측정기기·검사기기·정밀기기·의료용 기기, 이들의 부분품과 부속품","Optical, photographic, cinematographic, measuring, checking, precision, medical or surgical instruments and apparatus; parts and accessories thereof","XVIII"
"91","시계와 그 부분품","Clocks and watches and parts thereof","XVIII"
"92","악기와 그 부분품과 부속품","Musical instruments; parts and accessories of such articles","XVIII"
"93","무기·총포탄과 이들의 부분품과 부속품","Arms and ammunition; parts and accessories thereof","XIX"
"94","가구·침구·매트리스·매트리스 서포트(mattress support)·쿠션과 이와 유사한 물품, 다른 류로 분류되지 않은 조명기구, 조명용 사인·조명용 네임플레이트(name-plate)와 이와 유사한 물품, 조립식 건축물","Furniture; bedding, mattresses, mattress supports, cushions and similar stuffed furnishings; lamps and lighting fittings, not elsewhere specified or included; illuminated signs, illuminated name-plates and the like; prefabricated buildings","XX"
"95","완구·게임용구·운동용구와 이들의 부분품과 부속품","Toys, games and sports requisites; parts and accessories thereof","XX"
"96","잡품","Miscellaneous manufactured articles","XX"
"97","예술품·수집품·골동품","Works of art, collectors' pieces and antiques","XXI"
"99","","",""
